"_time",key,exe,comm,auid,uid
"2026-09-22T23:22:49.180+0000",exec,"/usr/bin/apt-config","apt-config",1000,0
"2026-09-22T23:22:49.179+0000",exec,"/usr/bin/dpkg",dpkg,1000,0
"2026-09-22T23:22:49.176+0000",exec,"/usr/bin/apt-config","apt-config",1000,0
"2026-09-22T23:22:49.175+0000",exec,"/usr/bin/dpkg",dpkg,1000,0
"2026-09-22T23:22:49.172+0000",exec,"/usr/bin/apt-config","apt-config",1000,0
"2026-09-22T23:22:49.172+0000",exec,"/usr/bin/dash","update-motd-upd",1000,0
"2026-09-22T23:22:49.171+0000",exec,"/usr/bin/touch",touch,1000,0
"2026-09-22T23:22:49.171+0000",exec,"/usr/bin/dash",sh,1000,0
"2026-09-22T23:22:49.058+0000",exec,"/usr/bin/python3.12","python3.12",1000,0
"2026-09-22T23:22:49.038+0000",exec,"/usr/bin/who",who,1000,0
"2026-09-22T23:22:49.038+0000",exec,"/usr/bin/perl",needrestart,1000,0
"2026-09-22T23:22:49.038+0000",exec,"/usr/bin/perl",needrestart,1000,0
"2026-09-22T23:22:49.038+0000",exec,"/usr/bin/perl",needrestart,1000,0
"2026-09-22T23:22:49.035+0000",exec,"/usr/bin/systemd-detect-virt","systemd-detect-",1000,0
"2026-09-22T23:22:49.032+0000",exec,"/usr/bin/systemd-detect-virt","systemd-detect-",1000,0
"2026-09-22T23:22:48.981+0000",exec,"/usr/bin/perl",needrestart,1000,0
"2026-09-22T23:22:48.980+0000",exec,"/usr/bin/rm",rm,1000,0
"2026-09-22T23:22:48.979+0000",exec,"/usr/bin/dbus-send","dbus-send",1000,0
"2026-09-22T23:22:48.978+0000",exec,"/usr/bin/dash","apt-pinvoke",1000,0
"2026-09-22T23:22:48.978+0000",exec,"/usr/bin/dash",sh,1000,0
"2026-09-22T23:22:48.977+0000",exec,"/usr/bin/echo",echo,1000,0
"2026-09-22T23:22:48.974+0000",exec,"/usr/bin/dpkg",dpkg,4294967295,0
"2026-09-22T23:22:48.955+0000",exec,"/usr/libexec/packagekitd",packagekitd,4294967295,0
"2026-09-22T23:22:48.948+0000",exec,"/usr/lib/systemd/systemd-executor",9,4294967295,0
"2026-09-22T23:22:48.941+0000",exec,"/usr/bin/gdbus",gdbus,1000,0
"2026-09-22T23:22:48.941+0000",exec,"/usr/bin/test",test,1000,0
"2026-09-22T23:22:48.939+0000",exec,"/usr/bin/test",test,1000,0
"2026-09-22T23:22:48.939+0000",exec,"/usr/bin/dash",sh,1000,0
"2026-09-22T23:22:48.931+0000",exec,"/usr/bin/dpkg",dpkg,1000,0
"2026-09-22T23:22:48.892+0000",exec,"/usr/bin/dpkg",dpkg,1000,0
"2026-09-22T23:22:48.866+0000",exec,"/usr/bin/dpkg",dpkg,1000,0
"2026-09-22T23:22:48.816+0000",exec,"/usr/bin/touch",touch,1000,0
"2026-09-22T23:22:48.814+0000",exec,"/usr/bin/mkdir",mkdir,1000,0
"2026-09-22T23:22:48.813+0000",exec,"/usr/bin/dash","dpkg-status",1000,0
"2026-09-22T23:22:48.812+0000",exec,"/usr/bin/dash",sh,1000,0
"2026-09-22T23:22:48.812+0000",exec,"/usr/bin/dpkg",dpkg,1000,0
"2026-09-22T23:22:48.811+0000",exec,"/usr/bin/dpkg",dpkg,1000,0
"2026-09-22T23:22:48.790+0000",exec,"/usr/bin/rm",rm,1000,0
"2026-09-22T23:22:48.790+0000",exec,"/usr/bin/dpkg",dpkg,1000,0
"2026-09-22T23:22:48.776+0000",exec,"/usr/bin/touch",touch,1000,0
"2026-09-22T23:22:48.754+0000",exec,"/usr/bin/dpkg-deb","dpkg-deb",1000,0
"2026-09-22T23:22:48.754+0000",exec,"/usr/bin/dpkg",dpkg,1000,0
"2026-09-22T23:22:48.701+0000",exec,"/usr/bin/tar",tar,1000,0
"2026-09-22T23:22:48.701+0000",exec,"/usr/bin/dpkg-deb","dpkg-deb",1000,0
"2026-09-22T23:22:48.700+0000",exec,"/usr/bin/dpkg-deb","dpkg-deb",1000,0
"2026-09-22T23:22:48.700+0000",exec,"/usr/bin/dpkg",dpkg,1000,0
"2026-09-22T23:22:48.699+0000",exec,"/usr/bin/dpkg-split","dpkg-split",1000,0
"2026-09-22T23:22:48.699+0000",exec,"/usr/bin/dpkg",dpkg,1000,0
"2026-09-22T23:22:48.697+0000",exec,"/usr/bin/mkdir",mkdir,1000,0
"2026-09-22T23:22:48.695+0000",exec,"/usr/bin/dash","dpkg-status",1000,0
"2026-09-22T23:22:48.695+0000",exec,"/usr/bin/dash",sh,1000,0
"2026-09-22T23:22:48.695+0000",exec,"/usr/bin/dpkg",dpkg,1000,0
"2026-09-22T23:22:48.694+0000",exec,"/usr/bin/dpkg",dpkg,1000,0
"2026-09-22T23:22:48.692+0000",exec,"/usr/bin/dpkg",dpkg,1000,0
"2026-09-22T23:22:48.690+0000",exec,"/usr/bin/dpkg",dpkg,1000,0
"2026-09-22T23:22:48.657+0000",exec,"/usr/bin/dpkg",dpkg,1000,0
"2026-09-22T23:22:48.649+0000",exec,"/usr/bin/dpkg",dpkg,1000,0
"2026-09-22T23:22:48.648+0000",exec,"/usr/bin/dpkg",dpkg,1000,0
"2026-09-22T23:22:48.644+0000",exec,"/usr/bin/apt-extracttemplates","apt-extracttemp",1000,0
"2026-09-22T23:22:48.644+0000",exec,"/usr/bin/perl","dpkg-preconfigu",1000,0
"2026-09-22T23:22:48.644+0000",exec,"/usr/bin/perl","dpkg-preconfigu",1000,0
"2026-09-22T23:22:48.644+0000",exec,"/usr/bin/perl","dpkg-preconfigu",1000,0
"2026-09-22T23:22:48.640+0000",exec,"/usr/bin/whiptail",whiptail,1000,0
"2026-09-22T23:22:48.640+0000",exec,"/usr/bin/dash",sh,1000,0
"2026-09-22T23:22:48.639+0000",exec,"/usr/bin/stty",stty,1000,0
"2026-09-22T23:22:48.638+0000",exec,"/usr/bin/dash",sh,1000,0
"2026-09-22T23:22:48.637+0000",exec,"/usr/bin/stty",stty,1000,0
"2026-09-22T23:22:48.636+0000",exec,"/usr/bin/dash",sh,1000,0
"2026-09-22T23:22:48.599+0000",identity,"/usr/bin/perl","dpkg-preconfigu",1000,0
"2026-09-22T23:22:48.585+0000",exec,"/usr/bin/locale",locale,1000,0
"2026-09-22T23:22:48.585+0000",exec,"/usr/bin/perl","dpkg-preconfigu",1000,0
"2026-09-22T23:22:48.585+0000",exec,"/usr/bin/perl","dpkg-preconfigu",1000,0
"2026-09-22T23:22:48.585+0000",exec,"/usr/bin/perl","dpkg-preconfigu",1000,0
"2026-09-22T23:22:48.531+0000",exec,"/usr/bin/perl","dpkg-preconfigu",1000,0
"2026-09-22T23:22:48.530+0000",exec,"/usr/bin/dash",sh,1000,0
"2026-09-22T23:22:48.171+0000",exec,"/usr/lib/apt/methods/http",http,1000,0
"2026-09-22T23:22:48.169+0000",exec,"/usr/bin/ischroot",ischroot,1000,0
"2026-09-22T23:22:48.134+0000",exec,"/usr/bin/snap",snap,1000,0
"2026-09-22T23:22:48.133+0000",exec,"/usr/bin/dash",sh,1000,0
"2026-09-22T23:22:48.092+0000",exec,"/usr/bin/snap",snap,1000,0
"2026-09-22T23:22:48.091+0000",exec,"/usr/bin/dash",sh,1000,0
"2026-09-22T23:22:48.081+0000",exec,"/usr/lib/apt/methods/http",http,1000,0
"2026-09-22T23:22:48.026+0000",exec,"/usr/bin/snap",snap,1000,0
"2026-09-22T23:22:48.025+0000",exec,"/usr/bin/dash",sh,1000,0
"2026-09-22T23:22:47.680+0000",exec,"/usr/bin/dpkg",dpkg,1000,0
"2026-09-22T23:22:47.617+0000",exec,"/usr/bin/dpkg",dpkg,1000,0
"2026-09-22T23:22:47.561+0000",exec,"/usr/bin/dpkg",dpkg,1000,0
"2026-09-22T23:22:47.520+0000",exec,"/usr/bin/dpkg",dpkg,1000,0
"2026-09-22T23:22:47.518+0000",exec,"/usr/bin/dpkg",dpkg,1000,0
"2026-09-22T23:22:47.510+0000",exec,"/usr/bin/apt",apt,1000,0
"2026-09-22T23:22:47.509+0000",identity,"/usr/bin/sudo",sudo,1000,1000
"2026-09-22T23:22:47.506+0000",exec,"/usr/bin/sudo",sudo,1000,1000
"2026-09-22T23:20:38.521+0000",exec,"/usr/lib/sysstat/sadc",sadc,4294967295,0
"2026-09-22T23:20:38.521+0000",exec,"/usr/bin/dash",sa1,4294967295,0
"2026-09-22T23:20:38.517+0000",exec,"/usr/lib/systemd/systemd-executor",9,4294967295,0
"2026-09-22T23:19:38.766+0000",exec,"/usr/bin/snap",snap,1000,1000
"2026-09-22T23:19:38.733+0000",exec,"/usr/bin/python3.12","command-not-fou",1000,1000
"2026-09-22T23:17:50.066+0000",exec,"/usr/bin/grep",grep,1000,0
"2026-09-22T23:17:50.065+0000",identity,"/usr/bin/sudo",sudo,1000,1000
"2026-09-22T23:17:50.062+0000",exec,"/usr/bin/sudo",sudo,1000,1000
"2026-09-22T23:17:50.062+0000",exec,"/usr/bin/tail",tail,1000,1000
"2026-09-22T23:17:29.930+0000",exec,"/usr/bin/cat",cat,4294967295,1001
"2026-09-22T23:17:29.929+0000",exec,"/usr/bin/basename",basename,4294967295,1001
"2026-09-22T23:17:29.928+0000",exec,"/usr/bin/bash","logd.sh",4294967295,1001
"2026-09-22T23:17:29.826+0000",exec,"/usr/bin/bash","journald.sh",4294967295,1001
"2026-09-22T23:17:29.674+0000",exec,"/opt/splunkforwarder/bin/splunkd",splunkd,4294967295,1001
"2026-09-22T23:17:29.670+0000",exec,"/usr/bin/systemctl",systemctl,4294967295,1001
"2026-09-22T23:17:29.670+0000",exec,"/opt/splunkforwarder/bin/splunk",splunk,4294967295,1001
"2026-09-22T23:17:29.670+0000",exec,"/opt/splunkforwarder/bin/splunk",splunk,4294967295,1001
"2026-09-22T23:17:29.670+0000",exec,"/opt/splunkforwarder/bin/splunk",splunk,4294967295,1001
"2026-09-22T23:17:29.670+0000",exec,"/opt/splunkforwarder/bin/splunk",splunk,4294967295,1001
"2026-09-22T23:17:29.636+0000",exec,"/opt/splunkforwarder/bin/splunkd",splunkd,4294967295,1001
"2026-09-22T23:17:29.635+0000",exec,"/opt/splunkforwarder/bin/btool",btool,4294967295,1001
"2026-09-22T23:17:29.635+0000",exec,"/usr/bin/dash",sh,4294967295,1001
"2026-09-22T23:17:29.601+0000",exec,"/opt/splunkforwarder/bin/splunkd",splunkd,4294967295,1001
"2026-09-22T23:17:29.600+0000",exec,"/opt/splunkforwarder/bin/btool",btool,4294967295,1001
"2026-09-22T23:17:29.600+0000",exec,"/usr/bin/dash",sh,4294967295,1001
"2026-09-22T23:17:29.554+0000",exec,"/opt/splunkforwarder/bin/splunkd",splunkd,4294967295,1001
"2026-09-22T23:17:29.474+0000",exec,"/opt/splunkforwarder/bin/splunkd",splunkd,4294967295,1001
"2026-09-22T23:17:29.473+0000",exec,"/opt/splunkforwarder/bin/btool",btool,4294967295,1001
"2026-09-22T23:17:29.430+0000",exec,"/opt/splunkforwarder/bin/splunkd",splunkd,4294967295,1001
"2026-09-22T23:17:29.430+0000",exec,"/opt/splunkforwarder/bin/btool",btool,4294967295,1001
"2026-09-22T23:17:29.357+0000",exec,"/opt/splunkforwarder/bin/splunkd",splunkd,4294967295,1001
"2026-09-22T23:17:29.357+0000",exec,"/opt/splunkforwarder/bin/btool",btool,4294967295,1001
"2026-09-22T23:17:29.314+0000",exec,"/opt/splunkforwarder/bin/splunkd",splunkd,4294967295,1001
"2026-09-22T23:17:29.305+0000",exec,"/opt/splunkforwarder/bin/openssl",openssl,4294967295,1001
"2026-09-22T23:17:29.301+0000",exec,"/opt/splunkforwarder/bin/openssl",openssl,4294967295,1001
"2026-09-22T23:17:29.294+0000",exec,"/opt/splunkforwarder/bin/openssl",openssl,4294967295,1001
"2026-09-22T23:17:29.287+0000",exec,"/opt/splunkforwarder/bin/openssl",openssl,4294967295,1001
"2026-09-22T23:17:29.250+0000",exec,"/opt/splunkforwarder/bin/openssl",openssl,4294967295,1001
"2026-09-22T23:17:29.244+0000",exec,"/opt/splunkforwarder/bin/openssl",openssl,4294967295,1001
"2026-09-22T23:17:29.237+0000",exec,"/opt/splunkforwarder/bin/openssl",openssl,4294967295,1001
"2026-09-22T23:17:29.161+0000",exec,"/opt/splunkforwarder/bin/openssl",openssl,4294967295,1001
"2026-09-22T23:17:29.151+0000",exec,"/opt/splunkforwarder/bin/splunk",splunk,4294967295,1001
"2026-09-22T23:17:29.117+0000",exec,"/opt/splunkforwarder/bin/splunkd",splunkd,4294967295,1001
"2026-09-22T23:17:29.081+0000",exec,"/opt/splunkforwarder/bin/splunkd",splunkd,4294967295,1001
"2026-09-22T23:17:29.046+0000",exec,"/opt/splunkforwarder/bin/splunkd",splunkd,4294967295,1001
"2026-09-22T23:17:29.046+0000",exec,"/opt/splunkforwarder/bin/btool",btool,4294967295,1001
"2026-09-22T23:17:29.045+0000",exec,"/usr/bin/dash",sh,4294967295,1001
"2026-09-22T23:17:29.011+0000",exec,"/opt/splunkforwarder/bin/splunkd",splunkd,4294967295,1001
"2026-09-22T23:17:29.011+0000",exec,"/opt/splunkforwarder/bin/btool",btool,4294967295,1001
"2026-09-22T23:17:29.010+0000",exec,"/usr/bin/dash",sh,4294967295,1001
"2026-09-22T23:17:28.976+0000",exec,"/opt/splunkforwarder/bin/splunkd",splunkd,4294967295,1001
"2026-09-22T23:17:28.976+0000",exec,"/opt/splunkforwarder/bin/btool",btool,4294967295,1001
"2026-09-22T23:17:28.975+0000",exec,"/usr/bin/dash",sh,4294967295,1001
"2026-09-22T23:17:28.941+0000",exec,"/opt/splunkforwarder/bin/splunkd",splunkd,4294967295,1001
"2026-09-22T23:17:28.941+0000",exec,"/opt/splunkforwarder/bin/btool",btool,4294967295,1001
"2026-09-22T23:17:28.940+0000",exec,"/usr/bin/dash",sh,4294967295,1001
"2026-09-22T23:17:28.906+0000",exec,"/opt/splunkforwarder/bin/splunkd",splunkd,4294967295,1001
"2026-09-22T23:17:28.906+0000",exec,"/opt/splunkforwarder/bin/btool",btool,4294967295,1001
"2026-09-22T23:17:28.905+0000",exec,"/usr/bin/dash",sh,4294967295,1001
"2026-09-22T23:17:28.871+0000",exec,"/opt/splunkforwarder/bin/splunkd",splunkd,4294967295,1001
"2026-09-22T23:17:28.871+0000",exec,"/opt/splunkforwarder/bin/btool",btool,4294967295,1001
"2026-09-22T23:17:28.870+0000",exec,"/usr/bin/dash",sh,4294967295,1001
"2026-09-22T23:17:28.836+0000",exec,"/opt/splunkforwarder/bin/splunkd",splunkd,4294967295,1001
"2026-09-22T23:17:28.836+0000",exec,"/opt/splunkforwarder/bin/btool",btool,4294967295,1001
"2026-09-22T23:17:28.835+0000",exec,"/usr/bin/dash",sh,4294967295,1001
"2026-09-22T23:17:28.801+0000",exec,"/opt/splunkforwarder/bin/splunkd",splunkd,4294967295,1001
"2026-09-22T23:17:28.801+0000",exec,"/opt/splunkforwarder/bin/btool",btool,4294967295,1001
"2026-09-22T23:17:28.800+0000",exec,"/usr/bin/dash",sh,4294967295,1001
"2026-09-22T23:17:28.766+0000",exec,"/opt/splunkforwarder/bin/splunkd",splunkd,4294967295,1001
"2026-09-22T23:17:28.765+0000",exec,"/opt/splunkforwarder/bin/btool",btool,4294967295,1001
"2026-09-22T23:17:28.765+0000",exec,"/usr/bin/dash",sh,4294967295,1001
"2026-09-22T23:17:28.731+0000",exec,"/opt/splunkforwarder/bin/splunkd",splunkd,4294967295,1001
"2026-09-22T23:17:28.731+0000",exec,"/opt/splunkforwarder/bin/btool",btool,4294967295,1001
"2026-09-22T23:17:28.730+0000",exec,"/usr/bin/dash",sh,4294967295,1001
"2026-09-22T23:17:28.691+0000",exec,"/opt/splunkforwarder/bin/splunkd",splunkd,4294967295,1001
"2026-09-22T23:17:28.691+0000",exec,"/opt/splunkforwarder/bin/btool",btool,4294967295,1001
"2026-09-22T23:17:28.690+0000",exec,"/usr/bin/dash",sh,4294967295,1001
"2026-09-22T23:17:28.676+0000",exec,"/opt/splunkforwarder/bin/splunk",splunk,4294967295,1001
"2026-09-22T23:17:28.672+0000",exec,"/usr/lib/systemd/systemd-executor",9,4294967295,0
"2026-09-22T23:17:28.665+0000",exec,"/usr/bin/chown",chown,4294967295,0
"2026-09-22T23:17:28.664+0000",exec,"/usr/bin/bash",bash,4294967295,0
"2026-09-22T23:17:28.659+0000",exec,"/usr/lib/systemd/systemd-executor",9,4294967295,0
"2026-09-22T23:17:25.644+0000",exec,"/usr/bin/systemd-tty-ask-password-agent","systemd-tty-ask",1000,0
"2026-09-22T23:17:25.642+0000",exec,"/usr/bin/systemctl",systemctl,1000,0
"2026-09-22T23:17:25.641+0000",identity,"/usr/bin/sudo",sudo,1000,1000
"2026-09-22T23:17:25.638+0000",exec,"/usr/bin/sudo",sudo,1000,1000
"2026-09-22T23:17:20.618+0000",exec,"/usr/bin/chown",chown,1000,0
"2026-09-22T23:17:20.617+0000",identity,"/usr/bin/sudo",sudo,1000,1000
"2026-09-22T23:17:20.614+0000",exec,"/usr/bin/sudo",sudo,1000,1000
"2026-09-22T23:17:01.527+0000",exec,"/usr/bin/run-parts","run-parts",0,0
"2026-09-22T23:17:01.527+0000",exec,"/usr/bin/dash",sh,0,0
"2026-09-22T23:17:01.526+0000","(null)","/usr/sbin/cron",cron,0,0
"2026-09-22T23:17:01.526+0000",identity,"/usr/sbin/cron",cron,4294967295,0
"2026-09-22T23:16:34.357+0000",exec,"/usr/bin/cat",cat,1000,0
"2026-09-22T23:16:34.356+0000",identity,"/usr/bin/sudo",sudo,1000,1000
"2026-09-22T23:16:34.353+0000",exec,"/usr/bin/sudo",sudo,1000,1000
"2026-09-22T23:16:26.902+0000",exec,"/usr/bin/tee",tee,1000,0
"2026-09-22T23:16:26.901+0000",identity,"/usr/bin/sudo",sudo,1000,1000
"2026-09-22T23:16:26.897+0000",exec,"/usr/bin/sudo",sudo,1000,1000
"2026-09-22T23:16:11.175+0000",exec,"/usr/bin/grep",grep,1000,0
"2026-09-22T23:16:11.174+0000",identity,"/usr/bin/sudo",sudo,1000,1000
"2026-09-22T23:16:11.171+0000",exec,"/usr/bin/sudo",sudo,1000,1000
"2026-09-22T23:16:11.171+0000",exec,"/usr/bin/tail",tail,1000,1000
"2026-09-22T23:22:51.549+0000",exec,"/usr/bin/gpgv",gpgv,1000,42
"2026-09-22T23:22:51.548+0000",exec,"/usr/bin/sed",sed,1000,42
"2026-09-22T23:22:51.548+0000",exec,"/usr/bin/sed",sed,1000,42
"2026-09-22T23:22:51.547+0000",exec,"/usr/bin/chmod",chmod,1000,42
"2026-09-22T23:22:51.547+0000",exec,"/usr/bin/mktemp",mktemp,1000,42
"2026-09-22T23:22:51.546+0000",exec,"/usr/bin/gpgv",gpgv,1000,42
"2026-09-22T23:22:51.545+0000",exec,"/usr/bin/dpkg",dpkg,1000,42
"2026-09-22T23:22:51.543+0000",exec,"/usr/bin/apt-config","apt-config",1000,42
"2026-09-22T23:22:51.541+0000",exec,"/usr/bin/dpkg",dpkg,1000,42
"2026-09-22T23:22:51.539+0000",exec,"/usr/bin/apt-config","apt-config",1000,42
"2026-09-22T23:22:51.538+0000",exec,"/usr/bin/dpkg",dpkg,1000,42
"2026-09-22T23:22:51.536+0000",exec,"/usr/bin/apt-config","apt-config",1000,42
"2026-09-22T23:22:51.535+0000",exec,"/usr/bin/dpkg",dpkg,1000,42
"2026-09-22T23:22:51.533+0000",exec,"/usr/bin/apt-config","apt-config",1000,42
"2026-09-22T23:22:51.532+0000",exec,"/usr/bin/dpkg",dpkg,1000,42
"2026-09-22T23:22:51.530+0000",exec,"/usr/bin/apt-config","apt-config",1000,42
"2026-09-22T23:22:51.529+0000",exec,"/usr/bin/dash","apt-key",1000,42
"2026-09-22T23:22:51.413+0000",exec,"/usr/bin/rm",rm,1000,42
"2026-09-22T23:22:51.412+0000",exec,"/usr/bin/gpg-connect-agent","gpg-connect-age",1000,42
"2026-09-22T23:22:51.411+0000",exec,"/usr/bin/gpg-connect-agent","gpg-connect-age",1000,42
"2026-09-22T23:22:51.411+0000",exec,"/usr/bin/gpg-connect-agent","gpg-connect-age",1000,42
"2026-09-22T23:22:51.410+0000",exec,"/usr/bin/gpg-connect-agent","gpg-connect-age",1000,42
"2026-09-22T23:22:51.409+0000",exec,"/usr/bin/gpgconf",gpgconf,1000,42
"2026-09-22T23:22:51.408+0000",exec,"/usr/bin/gpgv",gpgv,1000,42
"2026-09-22T23:22:51.407+0000",exec,"/usr/bin/sed",sed,1000,42
"2026-09-22T23:22:51.406+0000",exec,"/usr/bin/sed",sed,1000,42
"2026-09-22T23:22:51.405+0000",exec,"/usr/bin/chmod",chmod,1000,42
"2026-09-22T23:22:51.405+0000",exec,"/usr/bin/mktemp",mktemp,1000,42
"2026-09-22T23:22:51.404+0000",exec,"/usr/bin/gpgv",gpgv,1000,42
"2026-09-22T23:22:51.403+0000",exec,"/usr/bin/dpkg",dpkg,1000,42
"2026-09-22T23:22:51.401+0000",exec,"/usr/bin/apt-config","apt-config",1000,42
"2026-09-22T23:22:51.400+0000",exec,"/usr/bin/dpkg",dpkg,1000,42
"2026-09-22T23:22:51.398+0000",exec,"/usr/bin/apt-config","apt-config",1000,42
"2026-09-22T23:22:51.397+0000",exec,"/usr/bin/dpkg",dpkg,1000,42
"2026-09-22T23:22:51.395+0000",exec,"/usr/bin/apt-config","apt-config",1000,42
"2026-09-22T23:22:51.394+0000",exec,"/usr/bin/dpkg",dpkg,1000,42
"2026-09-22T23:22:51.392+0000",exec,"/usr/bin/apt-config","apt-config",1000,42
"2026-09-22T23:22:51.391+0000",exec,"/usr/bin/dpkg",dpkg,1000,42
"2026-09-22T23:22:51.388+0000",exec,"/usr/bin/apt-config","apt-config",1000,42
"2026-09-22T23:22:51.388+0000",exec,"/usr/bin/dash","apt-key",1000,42
"2026-09-22T23:22:51.073+0000",exec,"/usr/bin/rm",rm,4294967295,42
"2026-09-22T23:22:51.072+0000",exec,"/usr/bin/gpg-connect-agent","gpg-connect-age",4294967295,42
"2026-09-22T23:22:51.071+0000",exec,"/usr/bin/gpg-connect-agent","gpg-connect-age",4294967295,42
"2026-09-22T23:22:51.070+0000",exec,"/usr/bin/gpg-connect-agent","gpg-connect-age",4294967295,42
"2026-09-22T23:22:51.070+0000",exec,"/usr/bin/gpg-connect-agent","gpg-connect-age",4294967295,42
"2026-09-22T23:22:51.069+0000",exec,"/usr/bin/gpgconf",gpgconf,4294967295,42
"2026-09-22T23:22:51.068+0000",exec,"/usr/bin/gpgv",gpgv,4294967295,42
"2026-09-22T23:22:51.067+0000",exec,"/usr/bin/sed",sed,4294967295,42
"2026-09-22T23:22:51.066+0000",exec,"/usr/bin/sed",sed,4294967295,42
"2026-09-22T23:22:51.065+0000",exec,"/usr/bin/chmod",chmod,4294967295,42
"2026-09-22T23:22:51.065+0000",exec,"/usr/bin/mktemp",mktemp,4294967295,42
"2026-09-22T23:22:51.064+0000",exec,"/usr/bin/gpgv",gpgv,4294967295,42
"2026-09-22T23:22:51.063+0000",exec,"/usr/bin/dpkg",dpkg,4294967295,42
"2026-09-22T23:22:51.061+0000",exec,"/usr/bin/apt-config","apt-config",4294967295,42
"2026-09-22T23:22:51.060+0000",exec,"/usr/bin/dpkg",dpkg,4294967295,42
"2026-09-22T23:22:51.058+0000",exec,"/usr/bin/apt-config","apt-config",4294967295,42
"2026-09-22T23:22:51.057+0000",exec,"/usr/bin/dpkg",dpkg,4294967295,42
"2026-09-22T23:22:51.055+0000",exec,"/usr/bin/apt-config","apt-config",4294967295,42
"2026-09-22T23:22:51.055+0000",exec,"/usr/bin/dpkg",dpkg,4294967295,42
"2026-09-22T23:22:51.053+0000",exec,"/usr/bin/apt-config","apt-config",4294967295,42
"2026-09-22T23:22:51.052+0000",exec,"/usr/bin/dpkg",dpkg,4294967295,42
"2026-09-22T23:22:51.050+0000",exec,"/usr/bin/apt-config","apt-config",4294967295,42
"2026-09-22T23:22:51.049+0000",exec,"/usr/bin/dash","apt-key",4294967295,42
"2026-09-22T23:22:51.031+0000",exec,"/usr/bin/rm",rm,4294967295,42
"2026-09-22T23:22:51.031+0000",exec,"/usr/bin/gpg-connect-agent","gpg-connect-age",4294967295,42
"2026-09-22T23:22:51.030+0000",exec,"/usr/bin/gpg-connect-agent","gpg-connect-age",4294967295,42
"2026-09-22T23:22:51.029+0000",exec,"/usr/bin/gpg-connect-agent","gpg-connect-age",4294967295,42
"2026-09-22T23:22:51.028+0000",exec,"/usr/bin/gpg-connect-agent","gpg-connect-age",4294967295,42
"2026-09-22T23:22:51.028+0000",exec,"/usr/bin/gpgconf",gpgconf,4294967295,42
"2026-09-22T23:22:51.025+0000",exec,"/usr/bin/gpgv",gpgv,4294967295,42
"2026-09-22T23:22:51.024+0000",exec,"/usr/bin/sed",sed,4294967295,42
"2026-09-22T23:22:51.023+0000",exec,"/usr/bin/sed",sed,4294967295,42
"2026-09-22T23:22:51.022+0000",exec,"/usr/bin/chmod",chmod,4294967295,42
"2026-09-22T23:22:51.022+0000",exec,"/usr/bin/mktemp",mktemp,4294967295,42
"2026-09-22T23:22:51.021+0000",exec,"/usr/bin/gpgv",gpgv,4294967295,42
"2026-09-22T23:22:51.020+0000",exec,"/usr/bin/dpkg",dpkg,4294967295,42
"2026-09-22T23:22:51.018+0000",exec,"/usr/bin/apt-config","apt-config",4294967295,42
"2026-09-22T23:22:51.017+0000",exec,"/usr/bin/dpkg",dpkg,4294967295,42
"2026-09-22T23:22:51.015+0000",exec,"/usr/bin/apt-config","apt-config",4294967295,42
"2026-09-22T23:22:51.014+0000",exec,"/usr/bin/dpkg",dpkg,4294967295,42
"2026-09-22T23:22:51.012+0000",exec,"/usr/bin/apt-config","apt-config",4294967295,42
"2026-09-22T23:22:51.011+0000",exec,"/usr/bin/dpkg",dpkg,4294967295,42
"2026-09-22T23:22:51.009+0000",exec,"/usr/bin/apt-config","apt-config",4294967295,42
"2026-09-22T23:22:51.009+0000",exec,"/usr/bin/dpkg",dpkg,4294967295,42
"2026-09-22T23:22:51.007+0000",exec,"/usr/bin/apt-config","apt-config",4294967295,42
"2026-09-22T23:22:51.006+0000",exec,"/usr/bin/dash","apt-key",4294967295,42
"2026-09-22T23:22:51.003+0000",exec,"/usr/lib/apt/methods/gpgv",gpgv,4294967295,0
"2026-09-22T23:22:51.001+0000",exec,"/usr/lib/apt/methods/gpgv",gpgv,4294967295,0
"2026-09-22T23:22:50.828+0000",exec,"/usr/bin/rm",rm,1000,42
"2026-09-22T23:22:50.827+0000",exec,"/usr/bin/gpg-connect-agent","gpg-connect-age",1000,42
"2026-09-22T23:22:50.825+0000",exec,"/usr/bin/gpg-connect-agent","gpg-connect-age",1000,42
"2026-09-22T23:22:50.824+0000",exec,"/usr/bin/gpg-connect-agent","gpg-connect-age",1000,42
"2026-09-22T23:22:50.823+0000",exec,"/usr/bin/gpg-connect-agent","gpg-connect-age",1000,42
"2026-09-22T23:22:50.823+0000",exec,"/usr/bin/gpgconf",gpgconf,1000,42
"2026-09-22T23:22:50.821+0000",exec,"/usr/bin/gpgv",gpgv,1000,42
"2026-09-22T23:22:50.820+0000",exec,"/usr/bin/sed",sed,1000,42
"2026-09-22T23:22:50.819+0000",exec,"/usr/bin/sed",sed,1000,42
"2026-09-22T23:22:50.818+0000",exec,"/usr/bin/chmod",chmod,1000,42
"2026-09-22T23:22:50.818+0000",exec,"/usr/bin/mktemp",mktemp,1000,42
"2026-09-22T23:22:50.817+0000",exec,"/usr/bin/gpgv",gpgv,1000,42
"2026-09-22T23:22:50.816+0000",exec,"/usr/bin/dpkg",dpkg,1000,42
"2026-09-22T23:22:50.813+0000",exec,"/usr/bin/apt-config","apt-config",1000,42
"2026-09-22T23:22:50.811+0000",exec,"/usr/bin/dpkg",dpkg,1000,42
"2026-09-22T23:22:50.809+0000",exec,"/usr/bin/apt-config","apt-config",1000,42
"2026-09-22T23:22:50.808+0000",exec,"/usr/bin/dpkg",dpkg,1000,42
"2026-09-22T23:22:50.806+0000",exec,"/usr/bin/apt-config","apt-config",1000,42
"2026-09-22T23:22:50.805+0000",exec,"/usr/bin/dpkg",dpkg,1000,42
"2026-09-22T23:22:50.803+0000",exec,"/usr/bin/apt-config","apt-config",1000,42
"2026-09-22T23:22:50.802+0000",exec,"/usr/bin/dpkg",dpkg,1000,42
"2026-09-22T23:22:50.800+0000",exec,"/usr/bin/apt-config","apt-config",1000,42
"2026-09-22T23:22:50.800+0000",exec,"/usr/bin/dash","apt-key",1000,42
"2026-09-22T23:22:50.793+0000",exec,"/usr/bin/rm",rm,1000,42
"2026-09-22T23:22:50.793+0000",exec,"/usr/bin/gpg-connect-agent","gpg-connect-age",1000,42
"2026-09-22T23:22:50.792+0000",exec,"/usr/bin/gpg-connect-agent","gpg-connect-age",1000,42
"2026-09-22T23:22:50.791+0000",exec,"/usr/bin/gpg-connect-agent","gpg-connect-age",1000,42
"2026-09-22T23:22:50.790+0000",exec,"/usr/bin/gpg-connect-agent","gpg-connect-age",1000,42
"2026-09-22T23:22:50.790+0000",exec,"/usr/bin/gpgconf",gpgconf,1000,42
"2026-09-22T23:22:50.786+0000",exec,"/usr/bin/gpgv",gpgv,1000,42
"2026-09-22T23:22:50.785+0000",exec,"/usr/bin/sed",sed,1000,42
"2026-09-22T23:22:50.785+0000",exec,"/usr/bin/sed",sed,1000,42
"2026-09-22T23:22:50.784+0000",exec,"/usr/bin/chmod",chmod,1000,42
"2026-09-22T23:22:50.784+0000",exec,"/usr/bin/mktemp",mktemp,1000,42
"2026-09-22T23:22:50.783+0000",exec,"/usr/bin/gpgv",gpgv,1000,42
"2026-09-22T23:22:50.782+0000",exec,"/usr/bin/dpkg",dpkg,1000,42
"2026-09-22T23:22:50.780+0000",exec,"/usr/bin/apt-config","apt-config",1000,42
"2026-09-22T23:22:50.778+0000",exec,"/usr/bin/dpkg",dpkg,1000,42
"2026-09-22T23:22:50.776+0000",exec,"/usr/bin/apt-config","apt-config",1000,42
"2026-09-22T23:22:50.775+0000",exec,"/usr/bin/dpkg",dpkg,1000,42
"2026-09-22T23:22:50.773+0000",exec,"/usr/bin/apt-config","apt-config",1000,42
"2026-09-22T23:22:50.772+0000",exec,"/usr/bin/dpkg",dpkg,1000,42
"2026-09-22T23:22:50.770+0000",exec,"/usr/bin/apt-config","apt-config",1000,42
"2026-09-22T23:22:50.769+0000",exec,"/usr/bin/dpkg",dpkg,1000,42
"2026-09-22T23:22:50.767+0000",exec,"/usr/bin/apt-config","apt-config",1000,42
"2026-09-22T23:22:50.766+0000",exec,"/usr/bin/dash","apt-key",1000,42
"2026-09-22T23:22:50.622+0000",exec,"/usr/lib/apt/methods/store",store,1000,0
"2026-09-22T23:22:50.619+0000",exec,"/usr/lib/apt/methods/store",store,1000,0
"2026-09-22T23:22:50.603+0000",exec,"/usr/bin/rm",rm,1000,42
"2026-09-22T23:22:50.602+0000",exec,"/usr/bin/gpg-connect-agent","gpg-connect-age",1000,42
"2026-09-22T23:22:50.601+0000",exec,"/usr/bin/gpg-connect-agent","gpg-connect-age",1000,42
"2026-09-22T23:22:50.600+0000",exec,"/usr/bin/gpg-connect-agent","gpg-connect-age",1000,42
"2026-09-22T23:22:50.599+0000",exec,"/usr/bin/gpg-connect-agent","gpg-connect-age",1000,42
"2026-09-22T23:22:50.597+0000",exec,"/usr/bin/gpgconf",gpgconf,1000,42
"2026-09-22T23:22:50.596+0000",exec,"/usr/bin/gpgv",gpgv,1000,42
"2026-09-22T23:22:50.596+0000",exec,"/usr/bin/sed",sed,1000,42
"2026-09-22T23:22:50.595+0000",exec,"/usr/bin/sed",sed,1000,42
"2026-09-22T23:22:50.594+0000",exec,"/usr/bin/chmod",chmod,1000,42
"2026-09-22T23:22:50.594+0000",exec,"/usr/bin/mktemp",mktemp,1000,42
"2026-09-22T23:22:50.592+0000",exec,"/usr/bin/gpgv",gpgv,1000,42
"2026-09-22T23:22:50.591+0000",exec,"/usr/bin/dpkg",dpkg,1000,42
"2026-09-22T23:22:50.589+0000",exec,"/usr/bin/apt-config","apt-config",1000,42
"2026-09-22T23:22:50.587+0000",exec,"/usr/bin/dpkg",dpkg,1000,42
"2026-09-22T23:22:50.585+0000",exec,"/usr/bin/apt-config","apt-config",1000,42
"2026-09-22T23:22:50.584+0000",exec,"/usr/bin/dpkg",dpkg,1000,42
"2026-09-22T23:22:50.582+0000",exec,"/usr/bin/apt-config","apt-config",1000,42
"2026-09-22T23:22:50.581+0000",exec,"/usr/bin/dpkg",dpkg,1000,42
"2026-09-22T23:22:50.579+0000",exec,"/usr/bin/apt-config","apt-config",1000,42
"2026-09-22T23:22:50.578+0000",exec,"/usr/bin/dpkg",dpkg,1000,42
"2026-09-22T23:22:50.576+0000",exec,"/usr/bin/apt-config","apt-config",1000,42
"2026-09-22T23:22:50.575+0000",exec,"/usr/bin/dash","apt-key",1000,42
"2026-09-22T23:22:50.572+0000",exec,"/usr/lib/apt/methods/gpgv",gpgv,1000,0
"2026-09-22T23:22:50.570+0000",exec,"/usr/lib/apt/methods/gpgv",gpgv,1000,0
"2026-09-22T23:22:50.544+0000",exec,"/usr/lib/apt/methods/http",https,4294967295,0
"2026-09-22T23:22:50.541+0000",exec,"/usr/lib/apt/methods/http",https,4294967295,0
"2026-09-22T23:22:50.537+0000",exec,"/usr/bin/dpkg",dpkg,4294967295,0
"2026-09-22T23:22:50.535+0000",exec,"/usr/bin/dpkg",dpkg,4294967295,0
"2026-09-22T23:22:50.533+0000",exec,"/usr/bin/ubuntu-distro-info","ubuntu-distro-i",4294967295,0
"2026-09-22T23:22:50.505+0000",exec,"/usr/bin/ubuntu-distro-info","ubuntu-distro-i",4294967295,0
"2026-09-22T23:22:50.433+0000",exec,"/usr/lib/apt/methods/http",https,1000,0
"2026-09-22T23:22:50.427+0000",exec,"/usr/lib/apt/methods/http",http,1000,0
"2026-09-22T23:22:50.423+0000",exec,"/usr/lib/apt/methods/http",http,1000,0
"2026-09-22T23:22:50.422+0000",exec,"/usr/bin/python3.12",python3,4294967295,0
"2026-09-22T23:22:50.416+0000",exec,"/usr/lib/systemd/systemd-executor",9,4294967295,0
"2026-09-22T23:22:50.414+0000",exec,"/usr/bin/python3.12",python3,4294967295,0
"2026-09-22T23:22:50.405+0000",exec,"/usr/lib/systemd/systemd-executor",9,4294967295,0
"2026-09-22T23:22:50.402+0000",exec,"/usr/bin/systemd-tty-ask-password-agent","systemd-tty-ask",1000,0
"2026-09-22T23:22:50.401+0000",exec,"/usr/bin/systemctl",systemctl,1000,0
"2026-09-22T23:22:50.400+0000",exec,"/usr/bin/id",id,1000,0
"2026-09-22T23:22:50.400+0000",exec,"/usr/bin/dash",sh,1000,0
"2026-09-22T23:22:50.397+0000",exec,"/usr/lib/apt/methods/http",http,1000,0
"2026-09-22T23:22:50.395+0000",exec,"/usr/lib/apt/methods/http",https,1000,0
"2026-09-22T23:22:50.393+0000",exec,"/usr/bin/dpkg",dpkg,1000,0
"2026-09-22T23:22:50.391+0000",exec,"/usr/bin/apt",apt,1000,0
"2026-09-22T23:22:50.390+0000",identity,"/usr/bin/sudo",sudo,1000,1000
"2026-09-22T23:22:50.387+0000",exec,"/usr/bin/sudo",sudo,1000,1000
"2026-09-22T23:22:50.386+0000",exec,"/usr/bin/rm",rm,1000,1000
"2026-09-22T23:22:50.351+0000",exec,"/usr/bin/dash","packages-micros",1000,0
"2026-09-22T23:22:50.297+0000",exec,"/usr/bin/rm",rm,1000,0
"2026-09-22T23:22:50.297+0000",exec,"/usr/bin/dpkg",dpkg,1000,0
"2026-09-22T23:22:50.297+0000",exec,"/usr/bin/dpkg",dpkg,1000,0
"2026-09-22T23:22:50.297+0000",exec,"/usr/bin/dpkg",dpkg,1000,0
"2026-09-22T23:22:50.271+0000",exec,"/usr/bin/touch",touch,1000,0
"2026-09-22T23:22:50.246+0000",exec,"/usr/bin/dpkg-deb","dpkg-deb",1000,0
"2026-09-22T23:22:50.246+0000",exec,"/usr/bin/dpkg",dpkg,1000,0
"2026-09-22T23:22:50.246+0000",exec,"/usr/bin/dpkg",dpkg,1000,0
"2026-09-22T23:22:50.245+0000",exec,"/usr/bin/dpkg",dpkg,1000,0
"2026-09-22T23:22:50.244+0000",exec,"/usr/bin/dash",preinst,1000,0
"2026-09-22T23:22:50.179+0000",exec,"/usr/bin/tar",tar,1000,0
"2026-09-22T23:22:50.179+0000",exec,"/usr/bin/dpkg-deb","dpkg-deb",1000,0
"2026-09-22T23:22:50.179+0000",exec,"/usr/bin/dpkg-deb","dpkg-deb",1000,0
"2026-09-22T23:22:50.179+0000",exec,"/usr/bin/dpkg-deb","dpkg-deb",1000,0
"2026-09-22T23:22:50.177+0000",exec,"/usr/bin/dpkg-deb","dpkg-deb",1000,0
"2026-09-22T23:22:50.177+0000",exec,"/usr/bin/dpkg",dpkg,1000,0
"2026-09-22T23:22:50.177+0000",exec,"/usr/bin/dpkg",dpkg,1000,0
"2026-09-22T23:22:50.177+0000",exec,"/usr/bin/dpkg",dpkg,1000,0
"2026-09-22T23:22:50.177+0000",exec,"/usr/bin/dpkg-split","dpkg-split",1000,0
"2026-09-22T23:22:50.177+0000",exec,"/usr/bin/dpkg",dpkg,1000,0
"2026-09-22T23:22:50.177+0000",exec,"/usr/bin/dpkg",dpkg,1000,0
"2026-09-22T23:22:50.177+0000",exec,"/usr/bin/dpkg",dpkg,1000,0
"2026-09-22T23:22:50.173+0000",exec,"/usr/bin/mkdir",mkdir,1000,0
"2026-09-22T23:22:50.173+0000",exec,"/usr/bin/dash","dpkg-status",1000,0
"2026-09-22T23:22:50.172+0000",exec,"/usr/bin/dash",sh,1000,0
"2026-09-22T23:22:50.172+0000",exec,"/usr/bin/dpkg",dpkg,1000,0
"2026-09-22T23:22:50.172+0000",exec,"/usr/bin/dpkg",dpkg,1000,0
"2026-09-22T23:22:50.172+0000",exec,"/usr/bin/dpkg",dpkg,1000,0
"2026-09-22T23:22:50.171+0000",exec,"/usr/bin/dpkg",dpkg,1000,0
"2026-09-22T23:22:50.170+0000",identity,"/usr/bin/sudo",sudo,1000,1000
"2026-09-22T23:22:50.167+0000",exec,"/usr/bin/sudo",sudo,1000,1000
"2026-09-22T23:22:50.030+0000",exec,"/usr/bin/wget",wget,1000,1000
"2026-09-22T23:22:49.992+0000",exec,"/usr/bin/snap",snap,1000,0
"2026-09-22T23:22:49.991+0000",exec,"/usr/bin/dash",sh,1000,0
"2026-09-22T23:22:49.988+0000",exec,"/usr/bin/rm",rm,1000,0
"2026-09-22T23:22:49.987+0000",exec,"/usr/bin/chmod",chmod,1000,0
"2026-09-22T23:22:49.986+0000",exec,"/usr/bin/mv",mv,1000,0
"2026-09-22T23:22:49.679+0000",exec,"/usr/bin/dpkg",dpkg,1000,0
"2026-09-22T23:22:49.673+0000",exec,"/usr/bin/dpkg",dpkg,1000,0
"2026-09-22T23:22:49.660+0000",exec,"/usr/bin/dpkg",dpkg,1000,0
"2026-09-22T23:22:49.656+0000",exec,"/usr/bin/dpkg",dpkg,1000,0
"2026-09-22T23:22:49.651+0000",exec,"/usr/bin/dpkg",dpkg,1000,0
"2026-09-22T23:22:49.243+0000",exec,"/usr/bin/dpkg",dpkg,1000,0
"2026-09-22T23:22:49.241+0000",exec,"/usr/bin/dpkg",dpkg,1000,0
"2026-09-22T23:22:49.191+0000",exec,"/usr/bin/python3.12","apt-check",1000,0
"2026-09-22T23:22:49.191+0000",exec,"/usr/bin/mktemp",mktemp,1000,0
"2026-09-22T23:22:49.190+0000",exec,"/usr/bin/dirname",dirname,1000,0
"2026-09-22T23:22:49.189+0000",exec,"/usr/bin/find",find,1000,0
"2026-09-22T23:22:49.188+0000",exec,"/usr/bin/dpkg",dpkg,1000,0
"2026-09-22T23:22:49.186+0000",exec,"/usr/bin/apt-config","apt-config",1000,0
"2026-09-22T23:22:49.185+0000",exec,"/usr/bin/dpkg",dpkg,1000,0
"2026-09-22T23:22:49.183+0000",exec,"/usr/bin/apt-config","apt-config",1000,0
"2026-09-22T23:22:49.182+0000",exec,"/usr/bin/dpkg",dpkg,1000,0
"2026-09-22T23:23:29.017+0000",exec,"/usr/bin/hostname",hostname,1000,0
"2026-09-22T23:23:28.988+0000",exec,"/usr/bin/hostname",hostname,1000,0
"2026-09-22T23:23:11.175+0000",exec,"/opt/microsoft/powershell/7/pwsh",pwsh,1000,0
"2026-09-22T23:23:11.173+0000",identity,"/usr/bin/sudo",sudo,1000,1000
"2026-09-22T23:23:11.170+0000",exec,"/usr/bin/sudo",sudo,1000,1000
"2026-09-22T23:23:00.744+0000",exec,"/usr/bin/snap",snap,1000,0
"2026-09-22T23:23:00.743+0000",exec,"/usr/bin/dash",sh,1000,0
"2026-09-22T23:23:00.735+0000",exec,"/usr/bin/rm",rm,1000,0
"2026-09-22T23:23:00.735+0000",exec,"/usr/bin/chmod",chmod,1000,0
"2026-09-22T23:23:00.734+0000",exec,"/usr/bin/mv",mv,1000,0
"2026-09-22T23:23:00.408+0000",exec,"/usr/bin/dpkg",dpkg,1000,0
"2026-09-22T23:23:00.402+0000",exec,"/usr/bin/dpkg",dpkg,1000,0
"2026-09-22T23:22:59.975+0000",exec,"/usr/bin/dpkg",dpkg,1000,0
"2026-09-22T23:22:59.974+0000",exec,"/usr/bin/dpkg",dpkg,1000,0
"2026-09-22T23:22:59.919+0000",exec,"/usr/bin/python3.12","apt-check",1000,0
"2026-09-22T23:22:59.919+0000",exec,"/usr/bin/mktemp",mktemp,1000,0
"2026-09-22T23:22:59.918+0000",exec,"/usr/bin/dirname",dirname,1000,0
"2026-09-22T23:22:59.917+0000",exec,"/usr/bin/find",find,1000,0
"2026-09-22T23:22:59.916+0000",exec,"/usr/bin/dpkg",dpkg,1000,0
"2026-09-22T23:22:59.913+0000",exec,"/usr/bin/apt-config","apt-config",1000,0
"2026-09-22T23:22:59.912+0000",exec,"/usr/bin/dpkg",dpkg,1000,0
"2026-09-22T23:22:59.910+0000",exec,"/usr/bin/apt-config","apt-config",1000,0
"2026-09-22T23:22:59.909+0000",exec,"/usr/bin/dpkg",dpkg,1000,0
"2026-09-22T23:22:59.906+0000",exec,"/usr/bin/apt-config","apt-config",1000,0
"2026-09-22T23:22:59.905+0000",exec,"/usr/bin/dpkg",dpkg,1000,0
"2026-09-22T23:22:59.903+0000",exec,"/usr/bin/apt-config","apt-config",1000,0
"2026-09-22T23:22:59.902+0000",exec,"/usr/bin/dpkg",dpkg,1000,0
"2026-09-22T23:22:59.899+0000",exec,"/usr/bin/apt-config","apt-config",1000,0
"2026-09-22T23:22:59.899+0000",exec,"/usr/bin/dash","update-motd-upd",1000,0
"2026-09-22T23:22:59.898+0000",exec,"/usr/bin/touch",touch,1000,0
"2026-09-22T23:22:59.897+0000",exec,"/usr/bin/dash",sh,1000,0
"2026-09-22T23:22:59.818+0000",exec,"/usr/bin/python3.12","python3.12",1000,0
"2026-09-22T23:22:59.798+0000",exec,"/usr/bin/who",who,1000,0
"2026-09-22T23:22:59.798+0000",exec,"/usr/bin/perl",needrestart,1000,0
"2026-09-22T23:22:59.798+0000",exec,"/usr/bin/perl",needrestart,1000,0
"2026-09-22T23:22:59.798+0000",exec,"/usr/bin/perl",needrestart,1000,0
"2026-09-22T23:22:59.793+0000",exec,"/usr/bin/systemd-detect-virt","systemd-detect-",1000,0
"2026-09-22T23:22:59.791+0000",exec,"/usr/bin/systemd-detect-virt","systemd-detect-",1000,0
"2026-09-22T23:22:59.747+0000",exec,"/usr/bin/perl",needrestart,1000,0
"2026-09-22T23:22:59.746+0000",exec,"/usr/bin/rm",rm,1000,0
"2026-09-22T23:22:59.745+0000",exec,"/usr/bin/dbus-send","dbus-send",1000,0
"2026-09-22T23:22:59.744+0000",exec,"/usr/bin/dash","apt-pinvoke",1000,0
"2026-09-22T23:22:59.744+0000",exec,"/usr/bin/dash",sh,1000,0
"2026-09-22T23:22:59.743+0000",exec,"/usr/bin/echo",echo,1000,0
"2026-09-22T23:22:59.740+0000",exec,"/usr/bin/gdbus",gdbus,1000,0
"2026-09-22T23:22:59.739+0000",exec,"/usr/bin/test",test,1000,0
"2026-09-22T23:22:59.739+0000",exec,"/usr/bin/test",test,1000,0
"2026-09-22T23:22:59.738+0000",exec,"/usr/bin/dash",sh,1000,0
"2026-09-22T23:22:59.729+0000",exec,"/usr/bin/dpkg",dpkg,1000,0
"2026-09-22T23:22:59.665+0000",exec,"/usr/bin/dpkg",dpkg,1000,0
"2026-09-22T23:22:59.637+0000",exec,"/usr/bin/dpkg",dpkg,1000,0
"2026-09-22T23:22:59.139+0000",exec,"/usr/bin/mandb",mandb,1000,6
"2026-09-22T23:22:59.134+0000",exec,"/usr/bin/setpriv",setpriv,1000,0
"2026-09-22T23:22:59.133+0000",exec,"/usr/bin/dash","man-db.postinst",1000,0
"2026-09-22T23:22:59.113+0000",exec,"/usr/bin/ln",ln,1000,0
"2026-09-22T23:22:59.113+0000",exec,"/usr/bin/ln",ln,1000,0
"2026-09-22T23:22:59.112+0000",exec,"/usr/bin/mv",mv,1000,0
"2026-09-22T23:22:59.111+0000",exec,"/usr/bin/chown",chown,1000,0
"2026-09-22T23:22:59.111+0000",exec,"/usr/bin/chmod",chmod,1000,0
"2026-09-22T23:22:59.110+0000",exec,"/usr/bin/grep",grep,1000,0
"2026-09-22T23:22:59.109+0000",exec,"/usr/bin/grep",grep,1000,0
"2026-09-22T23:22:59.109+0000",exec,"/usr/bin/basename",basename,1000,0
"2026-09-22T23:22:59.108+0000",exec,"/usr/bin/dirname",dirname,1000,0
"2026-09-22T23:22:59.107+0000",exec,"/usr/bin/realpath",realpath,1000,0
"2026-09-22T23:22:59.106+0000",exec,"/usr/bin/cat",cat,1000,0
"2026-09-22T23:22:59.106+0000",exec,"/usr/bin/dash","add-shell",1000,0
"2026-09-22T23:22:59.106+0000",exec,"/usr/bin/dash","powershell.post",1000,0
"2026-09-22T23:22:59.082+0000",exec,"/usr/bin/touch",touch,1000,0
"2026-09-22T23:22:59.080+0000",exec,"/usr/bin/mkdir",mkdir,1000,0
"2026-09-22T23:22:59.078+0000",exec,"/usr/bin/dash","dpkg-status",1000,0
"2026-09-22T23:22:59.077+0000",exec,"/usr/bin/dash",sh,1000,0
"2026-09-22T23:22:59.077+0000",exec,"/usr/bin/dpkg",dpkg,1000,0
"2026-09-22T23:22:59.076+0000",exec,"/usr/bin/dpkg",dpkg,1000,0
"2026-09-22T23:22:59.054+0000",exec,"/usr/bin/rm",rm,1000,0
"2026-09-22T23:22:59.054+0000",exec,"/usr/bin/dpkg",dpkg,1000,0
"2026-09-22T23:22:59.033+0000",exec,"/usr/bin/touch",touch,1000,0
"2026-09-22T23:22:57.040+0000",exec,"/usr/bin/dpkg-deb","dpkg-deb",1000,0
"2026-09-22T23:22:57.040+0000",exec,"/usr/bin/dpkg",dpkg,1000,0
"2026-09-22T23:22:56.972+0000",exec,"/usr/bin/tar",tar,1000,0
"2026-09-22T23:22:56.972+0000",exec,"/usr/bin/dpkg-deb","dpkg-deb",1000,0
"2026-09-22T23:22:56.971+0000",exec,"/usr/bin/dpkg-deb","dpkg-deb",1000,0
"2026-09-22T23:22:56.971+0000",exec,"/usr/bin/dpkg",dpkg,1000,0
"2026-09-22T23:22:56.971+0000",exec,"/usr/bin/dpkg-split","dpkg-split",1000,0
"2026-09-22T23:22:56.970+0000",exec,"/usr/bin/dpkg",dpkg,1000,0
"2026-09-22T23:22:56.968+0000",exec,"/usr/bin/mkdir",mkdir,1000,0
"2026-09-22T23:22:56.967+0000",exec,"/usr/bin/dash","dpkg-status",1000,0
"2026-09-22T23:22:56.966+0000",exec,"/usr/bin/dash",sh,1000,0
"2026-09-22T23:22:56.966+0000",exec,"/usr/bin/dpkg",dpkg,1000,0
"2026-09-22T23:22:56.965+0000",exec,"/usr/bin/dpkg",dpkg,1000,0
"2026-09-22T23:22:56.964+0000",exec,"/usr/bin/dpkg",dpkg,1000,0
"2026-09-22T23:22:56.962+0000",exec,"/usr/bin/dpkg",dpkg,1000,0
"2026-09-22T23:22:56.929+0000",exec,"/usr/bin/dpkg",dpkg,1000,0
"2026-09-22T23:22:56.920+0000",exec,"/usr/bin/dpkg",dpkg,1000,0
"2026-09-22T23:22:56.919+0000",exec,"/usr/bin/dpkg",dpkg,1000,0
"2026-09-22T23:22:56.916+0000",exec,"/usr/bin/apt-extracttemplates","apt-extracttemp",1000,0
"2026-09-22T23:22:56.916+0000",exec,"/usr/bin/perl","dpkg-preconfigu",1000,0
"2026-09-22T23:22:56.916+0000",exec,"/usr/bin/perl","dpkg-preconfigu",1000,0
"2026-09-22T23:22:56.916+0000",exec,"/usr/bin/perl","dpkg-preconfigu",1000,0
"2026-09-22T23:22:56.914+0000",exec,"/usr/bin/whiptail",whiptail,1000,0
"2026-09-22T23:22:56.914+0000",exec,"/usr/bin/dash",sh,1000,0
"2026-09-22T23:22:56.913+0000",exec,"/usr/bin/stty",stty,1000,0
"2026-09-22T23:22:56.913+0000",exec,"/usr/bin/dash",sh,1000,0
"2026-09-22T23:22:56.912+0000",exec,"/usr/bin/stty",stty,1000,0
"2026-09-22T23:22:56.911+0000",exec,"/usr/bin/dash",sh,1000,0
"2026-09-22T23:22:56.881+0000",identity,"/usr/bin/perl","dpkg-preconfigu",1000,0
"2026-09-22T23:22:56.875+0000",exec,"/usr/bin/locale",locale,1000,0
"2026-09-22T23:22:56.875+0000",exec,"/usr/bin/perl","dpkg-preconfigu",1000,0
"2026-09-22T23:22:56.875+0000",exec,"/usr/bin/perl","dpkg-preconfigu",1000,0
"2026-09-22T23:22:56.875+0000",exec,"/usr/bin/perl","dpkg-preconfigu",1000,0
"2026-09-22T23:22:56.847+0000",exec,"/usr/bin/perl","dpkg-preconfigu",1000,0
"2026-09-22T23:22:56.846+0000",exec,"/usr/bin/dash",sh,1000,0
"2026-09-22T23:22:55.778+0000",exec,"/usr/lib/apt/methods/http",https,1000,0
"2026-09-22T23:22:55.777+0000",exec,"/usr/bin/ischroot",ischroot,1000,0
"2026-09-22T23:22:55.742+0000",exec,"/usr/bin/snap",snap,1000,0
"2026-09-22T23:22:55.741+0000",exec,"/usr/bin/dash",sh,1000,0
"2026-09-22T23:22:55.702+0000",exec,"/usr/bin/snap",snap,1000,0
"2026-09-22T23:22:55.701+0000",exec,"/usr/bin/dash",sh,1000,0
"2026-09-22T23:22:55.693+0000",exec,"/usr/lib/apt/methods/http",https,1000,0
"2026-09-22T23:22:55.649+0000",exec,"/usr/bin/snap",snap,1000,0
"2026-09-22T23:22:55.648+0000",exec,"/usr/bin/dash",sh,1000,0
"2026-09-22T23:22:55.258+0000",exec,"/usr/bin/dpkg",dpkg,1000,0
"2026-09-22T23:22:55.257+0000",exec,"/usr/bin/dpkg",dpkg,1000,0
"2026-09-22T23:22:55.254+0000",exec,"/usr/bin/apt",apt,1000,0
"2026-09-22T23:22:55.253+0000",identity,"/usr/bin/sudo",sudo,1000,1000
"2026-09-22T23:22:55.250+0000",exec,"/usr/bin/sudo",sudo,1000,1000
"2026-09-22T23:22:55.025+0000",exec,"/usr/bin/dpkg",dpkg,1000,0
"2026-09-22T23:22:54.201+0000",exec,"/usr/bin/dpkg",dpkg,1000,0
"2026-09-22T23:22:54.188+0000",exec,"/usr/bin/rm",rm,1000,0
"2026-09-22T23:22:54.188+0000",exec,"/usr/bin/chmod",chmod,1000,0
"2026-09-22T23:22:54.187+0000",exec,"/usr/bin/mv",mv,1000,0
"2026-09-22T23:22:53.867+0000",exec,"/usr/bin/dpkg",dpkg,1000,0
"2026-09-22T23:22:53.862+0000",exec,"/usr/bin/dpkg",dpkg,1000,0
"2026-09-22T23:22:53.849+0000",exec,"/usr/bin/dpkg",dpkg,1000,0
"2026-09-22T23:22:53.846+0000",exec,"/usr/bin/dpkg",dpkg,1000,0
"2026-09-22T23:22:53.844+0000",exec,"/usr/bin/dpkg",dpkg,1000,0
"2026-09-22T23:22:53.425+0000",exec,"/usr/bin/dpkg",dpkg,1000,0
"2026-09-22T23:22:52.473+0000",exec,"/usr/bin/dpkg",dpkg,1000,0
"2026-09-22T23:22:52.465+0000",exec,"/usr/bin/dpkg",dpkg,1000,0
"2026-09-22T23:22:52.458+0000",exec,"/usr/bin/dpkg",dpkg,1000,0
"2026-09-22T23:22:52.456+0000",exec,"/usr/bin/dpkg",dpkg,1000,0
"2026-09-22T23:22:52.409+0000",exec,"/usr/bin/python3.12","apt-check",1000,0
"2026-09-22T23:22:52.409+0000",exec,"/usr/bin/mktemp",mktemp,1000,0
"2026-09-22T23:22:52.408+0000",exec,"/usr/bin/dirname",dirname,1000,0
"2026-09-22T23:22:52.407+0000",exec,"/usr/bin/find",find,1000,0
"2026-09-22T23:22:52.406+0000",exec,"/usr/bin/dpkg",dpkg,1000,0
"2026-09-22T23:22:52.404+0000",exec,"/usr/bin/apt-config","apt-config",1000,0
"2026-09-22T23:22:52.403+0000",exec,"/usr/bin/dpkg",dpkg,1000,0
"2026-09-22T23:22:52.401+0000",exec,"/usr/bin/apt-config","apt-config",1000,0
"2026-09-22T23:22:52.400+0000",exec,"/usr/bin/dpkg",dpkg,1000,0
"2026-09-22T23:22:52.398+0000",exec,"/usr/bin/apt-config","apt-config",1000,0
"2026-09-22T23:22:52.397+0000",exec,"/usr/bin/dpkg",dpkg,1000,0
"2026-09-22T23:22:52.395+0000",exec,"/usr/bin/apt-config","apt-config",1000,0
"2026-09-22T23:22:52.394+0000",exec,"/usr/bin/dpkg",dpkg,1000,0
"2026-09-22T23:22:52.392+0000",exec,"/usr/bin/apt-config","apt-config",1000,0
"2026-09-22T23:22:52.392+0000",exec,"/usr/bin/dash","update-motd-upd",1000,0
"2026-09-22T23:22:52.391+0000",exec,"/usr/bin/dash",sh,1000,0
"2026-09-22T23:22:52.385+0000",exec,"/usr/bin/dpkg",dpkg,1000,0
"2026-09-22T23:22:52.358+0000",exec,"/usr/bin/python3.12","cnf-update-db",1000,0
"2026-09-22T23:22:52.358+0000",exec,"/usr/bin/test",test,1000,0
"2026-09-22T23:22:52.358+0000",exec,"/usr/bin/dash",sh,1000,0
"2026-09-22T23:22:52.345+0000",exec,"/usr/bin/appstreamcli",appstreamcli,1000,0
"2026-09-22T23:22:52.344+0000",exec,"/usr/bin/test",test,1000,0
"2026-09-22T23:22:52.344+0000",exec,"/usr/bin/dash",sh,1000,0
"2026-09-22T23:22:52.344+0000",exec,"/usr/bin/echo",echo,1000,0
"2026-09-22T23:22:52.340+0000",exec,"/usr/bin/gdbus",gdbus,1000,0
"2026-09-22T23:22:52.340+0000",exec,"/usr/bin/test",test,1000,0
"2026-09-22T23:22:52.339+0000",exec,"/usr/bin/test",test,1000,0
"2026-09-22T23:22:52.339+0000",exec,"/usr/bin/dash",sh,1000,0
"2026-09-22T23:22:52.339+0000",exec,"/usr/bin/touch",touch,1000,0
"2026-09-22T23:22:52.338+0000",exec,"/usr/bin/dash",sh,1000,0
"2026-09-22T23:22:51.554+0000",exec,"/usr/bin/rm",rm,1000,42
"2026-09-22T23:22:51.554+0000",exec,"/usr/bin/gpg-connect-agent","gpg-connect-age",1000,42
"2026-09-22T23:22:51.553+0000",exec,"/usr/bin/gpg-connect-agent","gpg-connect-age",1000,42
"2026-09-22T23:22:51.552+0000",exec,"/usr/bin/gpg-connect-agent","gpg-connect-age",1000,42
"2026-09-22T23:22:51.551+0000",exec,"/usr/bin/gpg-connect-agent","gpg-connect-age",1000,42
"2026-09-22T23:22:51.551+0000",exec,"/usr/bin/gpgconf",gpgconf,1000,42
"2026-09-22T23:25:41.299+0000",exec,"/usr/bin/sed",sed,1000,0
"2026-09-22T23:25:41.299+0000",exec,"/usr/bin/ip",ip,1000,0
"2026-09-22T23:25:41.158+0000",exec,"/usr/bin/id",id,1000,0
"2026-09-22T23:25:41.142+0000",exec,"/usr/bin/groups",groups,1000,0
"2026-09-22T23:25:41.142+0000",exec,"/usr/bin/dash",sh,1000,0
"2026-09-22T23:25:40.486+0000",exec,"/usr/bin/cut",cut,1000,0
"2026-09-22T23:25:40.485+0000",exec,"/usr/bin/sed",sed,1000,0
"2026-09-22T23:25:40.484+0000",exec,"/usr/bin/ip",ip,1000,0
"2026-09-22T23:25:40.209+0000",exec,"/usr/bin/cat",cat,1000,0
"2026-09-22T23:25:40.205+0000",exec,"/usr/bin/lastlog",lastlog,1000,0
"2026-09-22T23:25:40.204+0000",exec,"/usr/bin/uname",uname,1000,0
"2026-09-22T23:25:40.203+0000",exec,"/usr/bin/dash",sh,1000,0
"2026-09-22T23:25:39.574+0000",exec,"/usr/bin/cut",cut,1000,0
"2026-09-22T23:25:39.573+0000",exec,"/usr/bin/sed",sed,1000,0
"2026-09-22T23:25:39.572+0000",exec,"/usr/bin/ip",ip,1000,0
"2026-09-22T23:25:38.819+0000",exec,"/usr/bin/lsof",lsof,1000,0
"2026-09-22T23:25:38.819+0000",exec,"/usr/bin/id",id,1000,0
"2026-09-22T23:25:38.818+0000",exec,"/usr/bin/dash",sh,1000,0
"2026-09-22T23:25:38.193+0000",exec,"/usr/bin/cut",cut,1000,0
"2026-09-22T23:25:38.192+0000",exec,"/usr/bin/sed",sed,1000,0
"2026-09-22T23:25:38.191+0000",exec,"/usr/bin/ip",ip,1000,0
"2026-09-22T23:25:38.126+0000",exec,"/usr/bin/cat",cat,1000,0
"2026-09-22T23:25:38.125+0000",exec,"/usr/bin/grep",grep,1000,0
"2026-09-22T23:25:38.124+0000",exec,"/usr/bin/grep",grep,1000,0
"2026-09-22T23:25:38.124+0000",exec,"/usr/bin/dash",sh,1000,0
"2026-09-22T23:25:37.537+0000",exec,"/usr/bin/cut",cut,1000,0
"2026-09-22T23:25:37.536+0000",exec,"/usr/bin/sed",sed,1000,0
"2026-09-22T23:25:37.534+0000",exec,"/usr/bin/ip",ip,1000,0
"2026-09-22T23:25:37.273+0000",exec,"/usr/bin/cat",cat,1000,0
"2026-09-22T23:25:37.256+0000",exec,"/usr/bin/cat",cat,1000,0
"2026-09-22T23:25:37.250+0000",identity,"/usr/bin/sudo",sudo,1000,0
"2026-09-22T23:25:37.246+0000",exec,"/usr/bin/sudo",sudo,1000,0
"2026-09-22T23:25:37.245+0000",exec,"/usr/bin/dash",sh,1000,0
"2026-09-22T23:25:36.590+0000",exec,"/usr/bin/cut",cut,1000,0
"2026-09-22T23:25:36.588+0000",exec,"/usr/bin/sed",sed,1000,0
"2026-09-22T23:25:36.587+0000",exec,"/usr/bin/ip",ip,1000,0
"2026-09-22T23:25:36.408+0000",exec,"/usr/bin/cat",cat,1000,0
"2026-09-22T23:25:36.407+0000",exec,"/usr/bin/cat",cat,1000,0
"2026-09-22T23:25:36.406+0000",exec,"/usr/bin/dash",sh,1000,0
"2026-09-22T23:25:35.909+0000",exec,"/usr/bin/id",id,1000,0
"2026-09-22T23:25:35.906+0000",exec,"/usr/bin/whoami",whoami,1000,0
"2026-09-22T23:25:35.903+0000",exec,"/usr/bin/hostname",hostname,1000,0
"2026-09-22T23:25:33.051+0000",exec,"/usr/bin/dash",sh,1000,0
"2026-09-22T23:25:32.295+0000",exec,"/usr/bin/dash",which,1000,0
"2026-09-22T23:25:32.294+0000",exec,"/usr/bin/dash",sh,1000,0
"2026-09-22T23:25:30.240+0000",exec,"/usr/bin/id",id,1000,0
"2026-09-22T23:25:30.238+0000",exec,"/usr/bin/whoami",whoami,1000,0
"2026-09-22T23:25:30.235+0000",exec,"/usr/bin/hostname",hostname,1000,0
"2026-09-22T23:25:28.034+0000",exec,"/usr/bin/id",id,1000,0
"2026-09-22T23:25:28.030+0000",exec,"/usr/bin/whoami",whoami,1000,0
"2026-09-22T23:25:28.026+0000",exec,"/usr/bin/hostname",hostname,1000,0
"2026-09-22T23:25:01.534+0000",exec,"/usr/bin/dash","debian-sa1",0,0
"2026-09-22T23:25:01.533+0000",exec,"/usr/bin/dash",sh,0,0
"2026-09-22T23:25:01.532+0000","(null)","/usr/sbin/cron",cron,0,0
"2026-09-22T23:25:01.531+0000",identity,"/usr/sbin/cron",cron,4294967295,0
"2026-09-22T23:23:43.705+0000",exec,"/usr/bin/hostname",hostname,1000,0
"2026-09-22T23:23:43.694+0000",exec,"/usr/bin/hostname",hostname,1000,0
"2026-09-22T23:25:41.300+0000",exec,"/usr/bin/cut",cut,1000,0
