time,exe,files,auid
"10/05/2026 20:02:36.897","/usr/bin/crontab","crontabs/ crontabs/tmp.YkBYhq",1000
"10/05/2026 20:02:36.900","/usr/bin/crontab","(null)",1000
"10/05/2026 20:02:36.900","/usr/bin/crontab","crontabs/ crontabs/root crontabs/tmp.YkBYhq",1000
"10/05/2026 20:02:38.186","/usr/bin/dash","/etc/cron.d/ /etc/cron.d/persistevil",1000
"10/05/2026 20:02:38.793","/usr/bin/bash","/var/spool/cron/crontabs/ /var/spool/cron/crontabs/persistevil",1000
"10/05/2026 20:17:30.729",,,1000
"10/05/2026 20:17:30.729",,,1000
"10/05/2026 20:17:30.729",,,1000
"10/05/2026 20:17:30.729",,,1000
"10/05/2026 20:17:30.730",,"/etc/",1000
"10/05/2026 20:17:30.730",,"/etc/cron.d",1000
"10/05/2026 20:17:30.730",,"/var/spool/cron",1000
"10/05/2026 20:17:30.730",,"/etc/systemd/system",1000
"10/05/2026 20:18:06.700",,,1000
"10/05/2026 20:18:06.700",,,1000
"10/05/2026 20:18:06.700",,,1000
"10/05/2026 20:18:06.700",,,1000
"10/05/2026 20:18:06.701",,"/etc/",1000
"10/05/2026 20:18:06.701",,"/etc/cron.d",1000
"10/05/2026 20:18:06.701",,"/var/spool/cron",1000
"10/05/2026 20:18:06.701",,"/etc/systemd/system",1000
"10/05/2026 20:18:06.701",,"/etc/cron.hourly",1000
"10/05/2026 20:18:06.701",,"/etc/cron.daily",1000
"10/05/2026 20:18:06.701",,"/etc/cron.weekly",1000
"10/05/2026 20:18:06.701",,"/etc/cron.monthly",1000
"10/05/2026 20:18:22.358","/usr/bin/rm","/etc/cron.daily/ /etc/cron.daily/persistevil",1000
"10/05/2026 20:18:22.359","/usr/bin/rm","/etc/cron.hourly/ /etc/cron.hourly/persistevil",1000
"10/05/2026 20:18:22.360","/usr/bin/rm","/etc/cron.monthly/ /etc/cron.monthly/persistevil",1000
"10/05/2026 20:18:22.361","/usr/bin/rm","/etc/cron.weekly/ /etc/cron.weekly/persistevil",1000
"10/05/2026 20:18:26.997","/usr/bin/bash","/etc/cron.daily/ /etc/cron.daily/persistevil",1000
"10/05/2026 20:18:26.997","/usr/bin/bash","/etc/cron.hourly/ /etc/cron.hourly/persistevil",1000
"10/05/2026 20:18:26.997","/usr/bin/bash","/etc/cron.monthly/ /etc/cron.monthly/persistevil",1000
"10/05/2026 20:18:26.997","/usr/bin/bash","/etc/cron.weekly/ /etc/cron.weekly/persistevil",1000
